ALFA ROMEO,Italy,16047719190
Aston Martin Lagonda Ltd,UK,2016,16047719191
Audi,Germany,16047719192
BMW,Germany,16047719193
Chevrolet,USA,16047719194
Dodge,USA,16047719195
Ferrari,Italy,16047719196
Honda,Japan,16047719197
Jaguar,UK,16047719198
Lamborghini,Italy,16047719199
MAZDA,Japan,16047719180
McLaren,UK,16047719181
Mercedes-Benz,Germany,16047719182
NISSAN,Japan,16047719183
Pagani Automobili S.p.A.,Italy,16047719184
Porsche,Germany,16047719185
FIAT,Italy,16047719186
Mini,Germany,16047719187
SCION,USA,16047719188
Subaru,Japan,16047719189
Bentley,UK,16047719170
Buick,USA,16047719171
Ford,USA,16047719172
HYUNDAI MOTOR COMPANY,South Korea,16047719173
LEXUS,Japan,16047719174
MASERATI,Italy,16047719175
Roush,USA,16047719175
Volkswagen,Germany,16047719177
Acura,Japan,16047719178
Cadillac,USA,16047719179
INFINITI,Hong Kong,16047719160
KIA MOTORS CORPORATION,South Korea,16047719161
Mitsubishi Motors Corporation,Japan,16047719162
Rolls-Royce Motor Cars Limited,UK,16047719163
TOYOTA,Japan,16047719164
Volvo,Sweden,16047719165
Chrysler,USA,16047719166
Lincoln,USA,16047719167
GMC,USA,16047719168
RAM,USA,16047719169
CHEVROLET,USA,16047719150
Jeep,USA,16047719151
Land Rover,UK,16047719152
